,City,Cloudiness,Country,Date,Humidity,Lat,Lng,Max Temp,Wind Speed
0,barrow,40,US,1597126240,81,71.29,-156.79,280.15,1.5
1,butaritari,45,KI,1597126320,74,3.07,172.79,301.36,4.05
2,ushuaia,40,AR,1597126320,86,-54.8,-68.3,272.15,2.1
3,ponta do sol,40,PT,1597126320,73,32.67,-17.1,295.15,4.6
4,rikitea,59,PF,1597126320,73,-23.12,-134.97,294.38,10.68
5,vallenar,100,CL,1597126321,60,-28.57,-70.76,288.23,0.29
6,busselton,34,AU,1597126321,53,-33.65,115.33,290.93,7.74
7,new norfolk,63,AU,1597126321,75,-42.78,147.06,284.26,0.27
8,alice springs,90,AU,1597126321,38,-23.7,133.88,297.04,6.7
9,paamiut,0,GL,1597126321,67,61.99,-49.67,277.81,4.56
10,ekhabi,100,RU,1597126321,93,53.51,142.97,290.35,4.68
11,vaini,20,TO,1597126321,88,-21.2,-175.2,295.15,2.6
12,prince rupert,90,CA,1597126322,100,54.32,-130.32,284.15,1.0
13,mahebourg,20,MU,1597126322,64,-20.41,57.7,294.15,1.5
14,lagoa,78,PT,1597126322,67,39.05,-27.98,293.88,4.57
15,lingao,100,CN,1597126322,60,19.91,109.69,306.43,1.74
16,georgetown,20,MY,1597126165,70,5.41,100.34,306.15,3.6
17,jamestown,1,US,1597126322,88,42.1,-79.24,295.37,1.5
18,korla,33,CN,1597126322,29,41.76,86.15,302.02,2.16
19,nouadhibou,1,MR,1597126314,83,20.93,-17.03,295.15,6.2
20,danielskuil,0,ZA,1597126323,39,-28.19,23.54,282.4,5.4
21,ayan,100,RU,1597126323,84,56.45,138.17,287.0,5.81
22,bethel,1,US,1597126323,94,41.37,-73.41,295.37,1.33
23,carnarvon,75,AU,1597126323,68,-24.87,113.63,293.15,3.6
24,fort nelson,40,CA,1597126323,58,58.81,-122.7,286.15,3.6
25,the pas,75,CA,1597126323,72,53.83,-101.25,290.15,4.26
26,bluff,92,NZ,1597126324,86,-46.6,168.33,281.48,4.47
27,kaitangata,35,NZ,1597126324,51,-46.28,169.85,283.71,4.92
28,mar del plata,2,AR,1597126324,60,-38.0,-57.56,278.15,9.3
29,bilibino,100,RU,1597126324,63,68.05,166.44,283.2,2.48
30,kodiak,1,US,1597126324,62,57.79,-152.41,287.15,3.1
31,husavik,96,IS,1597126324,59,66.04,-17.34,289.15,7.2
32,barreirinhas,16,BR,1597126324,87,-2.75,-42.83,297.65,2.56
33,ejura,100,GH,1597126325,88,7.39,-1.36,293.66,2.56
34,albany,7,US,1597126325,88,42.6,-73.97,294.26,1.1
35,leningradskiy,100,RU,1597126325,80,69.38,178.42,280.5,7.32
36,kita,100,ML,1597126325,96,13.03,-9.49,295.15,4.0
37,kathu,75,TH,1597126326,74,7.92,98.33,304.82,5.7
38,tromso,67,NO,1597126326,93,69.65,18.96,283.15,2.1
39,chapais,75,CA,1597126326,88,49.78,-74.85,293.15,4.1
40,san jose,1,US,1597126326,72,37.34,-121.89,292.15,2.6
41,manavalakurichi,75,IN,1597126326,74,8.13,77.3,303.15,2.6
42,dikson,100,RU,1597126326,85,73.51,80.55,276.48,10.54
43,kahului,40,US,1597126081,65,20.89,-156.47,300.15,7.7
44,yar-sale,100,RU,1597126327,89,66.83,70.83,286.6,4.55
45,nuuk,70,GL,1597126327,86,64.18,-51.72,277.15,1.0
46,avarua,10,CK,1597126327,60,-21.21,-159.78,294.15,2.6
47,touros,75,BR,1597126327,94,-5.2,-35.46,295.15,2.1
48,mount isa,0,AU,1597126328,10,-20.73,139.5,303.15,3.6
49,pontes e lacerda,3,BR,1597126328,47,-15.23,-59.34,294.12,0.79
50,springdale,1,US,1597126328,73,36.19,-94.13,298.15,2.27
51,northport,1,US,1597126328,88,33.23,-87.58,298.71,1.26
52,vila velha,75,BR,1597126249,88,-20.33,-40.29,293.15,1.0
53,tuktoyaktuk,90,CA,1597126329,81,69.45,-133.04,283.15,1.5
54,diego de almagro,0,CL,1597126329,69,-26.37,-70.05,283.13,0.95
55,yumen,100,CN,1597126329,46,40.28,97.2,293.3,5.59
56,cape town,75,ZA,1597125893,93,-33.93,18.42,286.48,5.7
57,constitucion,0,CL,1597126329,62,-35.33,-72.42,280.05,6.14
58,inirida,82,CO,1597126330,97,3.87,-67.92,295.6,0.91
59,grand gaube,66,MU,1597126330,54,-20.01,57.66,296.48,1.34
60,puerto ayora,93,EC,1597126330,98,-0.74,-90.35,292.04,0.89
61,tadine,58,NC,1597126330,87,-21.55,167.88,296.06,2.62
62,opuwo,0,NA,1597126330,41,-18.06,13.84,285.46,1.18
63,ostrovnoy,100,RU,1597126330,82,68.05,39.51,283.75,6.36
64,hermanus,36,ZA,1597126331,86,-34.42,19.23,285.93,2.68
65,ngunguru,99,NZ,1597126331,3,-35.62,174.5,287.59,5.81
66,zlitan,0,LY,1597126331,73,32.47,14.57,299.01,1.91
67,cabo san lucas,78,MX,1597126115,77,22.89,-109.91,301.48,0.45
68,lensk,43,RU,1597126331,33,60.73,114.93,299.51,2.84
69,tautira,75,PF,1597126331,69,-17.73,-149.15,299.15,3.6
70,yellowknife,90,CA,1597126331,93,62.46,-114.35,290.15,2.6
71,udachnyy,90,RU,1597126332,87,66.42,112.4,285.15,4.0
72,saint-philippe,75,RE,1597126332,43,-21.36,55.77,296.15,2.1
73,broome,2,US,1597126332,100,42.25,-75.83,294.82,1.79
74,santa fe,92,AR,1597126162,34,-31.63,-60.7,283.71,4.02
75,punta arenas,100,CL,1597126332,100,-53.15,-70.92,274.15,6.7
76,sembe,88,CG,1597126332,84,1.65,14.58,294.62,2.19
77,hobart,75,AU,1597126213,66,-42.88,147.33,284.26,2.6
78,castro,0,BR,1597126332,65,-24.79,-50.01,286.2,1.63
79,taoudenni,0,ML,1597126333,12,22.68,-3.98,305.87,6.15
80,port alfred,0,ZA,1597126333,55,-33.59,26.89,287.19,4.53
81,hilo,75,US,1597126333,78,19.73,-155.09,298.15,2.9
82,palmer,90,US,1597126334,88,42.16,-72.33,295.37,1.5
83,chokurdakh,98,RU,1597126334,55,70.63,147.92,281.56,2.43
84,harindanga,75,IN,1597126334,84,22.04,88.32,307.15,1.5
85,talnakh,40,RU,1597126334,67,69.49,88.4,290.15,1.0
86,east london,0,ZA,1597126334,66,-33.02,27.91,283.15,3.1
87,hovd,34,MN,1597126335,29,48.01,91.64,296.6,3.58
88,tacoronte,75,ES,1597126335,93,28.48,-16.41,293.15,7.7
89,mataura,78,NZ,1597126335,86,-46.19,168.86,281.48,4.47
90,cidreira,82,BR,1597126336,64,-30.18,-50.21,294.17,5.9
91,iquique,90,CL,1597126256,67,-20.22,-70.14,289.15,1.5
92,shingu,40,JP,1597126336,84,33.73,135.98,303.15,3.6
93,sisophon,61,KH,1597126336,63,13.59,102.97,305.76,6.16
94,kijang,90,KR,1597126336,94,35.24,129.21,299.15,4.6
95,khatanga,73,RU,1597126336,57,71.97,102.5,284.04,3.52
96,andros town,20,BS,1597126336,83,24.7,-77.77,301.15,1.5
97,lebu,4,CL,1597126337,76,-37.62,-73.65,278.82,3.89
98,vilhena,0,BR,1597126108,50,-12.74,-60.15,293.67,1.5
99,kapaa,90,US,1597126337,83,22.08,-159.32,299.15,6.7
100,ola,93,RU,1597126337,70,59.58,151.28,288.85,2.52
101,saint anthony,1,US,1597126337,68,45.02,-93.22,291.48,2.1
102,altenholz,0,DE,1597126337,94,54.4,10.13,294.26,3.6
103,walvis bay,0,NA,1597126337,81,-22.96,14.51,285.37,1.0
104,la rioja,40,ES,1597126338,88,42.25,-2.5,294.15,2.6
105,chuy,64,UY,1597126338,69,-33.7,-53.46,281.12,4.15
106,port elizabeth,0,ZA,1597126338,81,-33.92,25.57,280.15,2.1
107,muli,100,MV,1597126338,74,2.92,73.57,301.4,3.54
108,fortuna,4,US,1597126338,91,40.6,-124.16,284.82,0.89
109,nanortalik,1,GL,1597126338,85,60.14,-45.24,277.6,3.61
110,muros,100,ES,1597126339,84,42.78,-9.06,293.71,2.68
111,newport,47,GB,1597126339,96,51.59,-3.0,291.48,2.7
112,ambilobe,31,MG,1597126339,45,-13.2,49.05,300.44,1.39
113,katsuura,20,JP,1597126339,74,35.13,140.3,308.15,13.4
114,thinadhoo,100,MV,1597126339,76,0.53,72.93,301.5,4.34
115,nurota,0,UZ,1597126339,17,40.56,65.69,305.15,4.1
116,tripoli,0,LY,1597126340,71,32.88,13.19,299.28,3.68
117,aklavik,75,CA,1597126340,81,68.22,-135.01,283.15,5.1
118,kosikha,27,RU,1597126340,34,53.36,84.58,301.15,4.0
119,amahai,92,ID,1597126340,82,-3.33,128.92,299.86,2.45
120,yangjiang,96,CN,1597126340,61,21.85,111.97,307.04,5.25
121,esil,73,KZ,1597126340,59,51.96,66.4,293.17,3.13
122,fairbanks,75,US,1597126341,62,64.84,-147.72,288.15,2.6
123,bisignano,16,IT,1597126341,77,39.51,16.28,296.48,0.45
124,villaviciosa,75,ES,1597126341,93,43.48,-5.44,292.59,0.5
125,tumut,80,AU,1597126341,64,-35.3,148.22,285.16,1.19
126,bredasdorp,33,ZA,1597126342,87,-34.53,20.04,283.15,3.6
127,cherskiy,92,RU,1597126342,57,68.75,161.3,281.04,2.53
128,denpasar,40,ID,1597126157,79,-8.65,115.22,302.15,5.7
129,ugoofaaru,89,MV,1597126342,74,5.67,73.0,301.33,4.35
130,newala,66,TZ,1597126342,82,-10.94,39.28,292.13,1.61
131,adelaide,75,AU,1597126214,93,-34.93,138.6,286.48,7.2
132,wewak,30,PG,1597126343,69,-3.55,143.63,302.58,3.22
133,hithadhoo,100,MV,1597126343,77,-0.6,73.08,301.47,4.11
134,victoria,100,HK,1597126198,70,22.29,114.16,303.71,4.47
135,dharchula,100,IN,1597126343,77,29.85,80.53,295.17,0.2
136,tiksi,93,RU,1597126343,73,71.69,128.87,279.74,5.73
137,mosquera,75,CO,1597126326,87,4.71,-74.23,285.15,1.5
138,loa janan,52,ID,1597126343,81,-0.58,117.09,302.72,1.77
139,uribia,67,CO,1597126344,75,11.71,-72.27,300.84,7.35
140,sibolga,100,ID,1597126344,57,1.74,98.78,304.28,2.54
141,atuona,0,PF,1597126344,69,-9.8,-139.03,299.24,8.62
142,manokwari,31,ID,1597126344,72,-0.87,134.08,302.38,3.09
143,bubaque,100,GW,1597126344,84,11.28,-15.83,299.67,6.61
144,souillac,20,MU,1597126344,64,-20.52,57.52,294.15,1.5
145,batagay,75,RU,1597126345,46,67.63,134.63,286.72,1.52
146,namie,52,JP,1597126345,54,37.48,141.0,309.82,0.45
147,vao,28,NC,1597126345,79,-22.67,167.48,294.41,8.44
148,tiarei,75,PF,1597126345,69,-17.53,-149.33,299.15,3.6
149,tasiilaq,100,GL,1597126346,93,65.61,-37.64,277.15,8.7
150,novo oriente,6,BR,1597126346,60,-5.53,-40.77,294.25,2.75
151,trincomalee,84,LK,1597126346,64,8.57,81.23,303.95,6.68
152,okhotsk,100,RU,1597126346,87,59.38,143.3,287.83,6.52
153,san quintin,0,MX,1597126346,80,30.48,-115.95,293.07,4.44
154,zima,84,RU,1597126347,42,53.92,102.04,298.88,1.24
155,saskylakh,63,RU,1597126347,41,71.92,114.08,287.65,5.78
156,teya,0,RU,1597126347,24,60.38,92.63,302.15,2.21
157,ilulissat,38,GL,1597126347,56,69.22,-51.1,278.15,8.2
158,xichang,99,CN,1597126347,56,27.9,102.26,301.9,2.34
159,noyabrsk,0,RU,1597126347,38,63.2,75.45,300.41,7.23
160,portland,1,US,1597126261,48,45.52,-122.68,293.71,5.7
161,rongcheng,74,CN,1597126348,96,30.63,117.85,303.15,3.26
162,poshekhonye,87,RU,1597126348,85,58.5,39.14,287.46,2.39
163,arraial do cabo,0,BR,1597126333,83,-22.97,-42.03,294.15,0.5
164,coquimbo,44,CL,1597126348,93,-29.95,-71.34,282.15,1.5
165,eureka,1,US,1597126348,100,40.8,-124.16,287.04,0.88
166,petropavlovsk-kamchatskiy,12,RU,1597126348,72,53.05,158.65,291.15,6.0
167,huari,13,PE,1597126348,95,-9.33,-77.23,275.62,0.69
168,aripuana,26,BR,1597126349,50,-9.17,-60.63,295.09,0.53
169,salvador,40,SV,1597126349,88,13.83,-88.92,299.15,0.5
170,kilosa,0,TZ,1597126349,59,-6.83,36.98,296.18,1.49
171,gladstone,0,AU,1597126245,45,-23.85,151.25,293.15,4.6
172,vila franca do campo,20,PT,1597126349,73,37.72,-25.43,294.15,5.1
173,upernavik,85,GL,1597126349,81,72.79,-56.15,277.85,2.14
174,ifanadiana,0,MG,1597126349,55,-21.3,47.63,293.67,0.93
175,qaanaaq,0,GL,1597126350,84,77.48,-69.36,273.37,1.22
176,yulara,75,AU,1597126350,49,-25.24,130.99,295.15,6.7
177,bajos de haina,100,DO,1597126350,84,18.42,-70.03,300.37,1.79
178,usinsk,87,RU,1597126350,87,65.99,57.53,281.27,5.15
179,bardiyah,0,LY,1597126350,71,31.76,25.09,299.6,6.4
180,zhezkazgan,90,KZ,1597126350,63,47.8,67.71,291.15,6.0
181,huarmey,32,PE,1597126350,86,-10.07,-78.15,287.91,3.85
182,nangal,46,IN,1597126350,63,31.37,76.38,305.71,3.55
183,hue,20,VN,1597126318,66,16.47,107.6,306.15,5.7
184,auki,91,SB,1597126351,73,-8.77,160.7,301.74,1.86
185,nchelenge,0,ZM,1597126351,37,-9.35,28.73,290.64,2.61
186,palaikastron,0,GR,1597126351,67,35.2,26.25,299.26,11.31
187,turukhansk,0,RU,1597126351,42,65.82,87.98,299.05,0.63
188,egvekinot,98,RU,1597126351,81,66.32,-179.17,284.97,2.96
189,batemans bay,11,AU,1597126352,67,-35.72,150.18,288.71,0.89
190,sao joao da barra,1,BR,1597126352,83,-21.64,-41.05,294.58,7.63
191,codrington,100,AU,1597126352,76,-38.27,141.97,286.97,5.79
192,kyra,47,RU,1597126327,69,49.58,111.98,293.33,1.57
193,inhapi,14,BR,1597126352,99,-9.22,-37.75,288.59,1.11
194,thompson,40,CA,1597126353,93,55.74,-97.86,286.15,3.6
195,metro,82,ID,1597126090,63,-5.11,105.31,303.98,3.26
196,ahipara,53,NZ,1597126108,89,-35.17,173.17,287.25,5.07
197,lata,96,PT,1597126353,96,40.16,-8.33,292.04,0.87
198,lazaro cardenas,99,MX,1597126146,81,17.96,-102.2,300.69,1.11
199,vung tau,67,VN,1597126353,71,10.35,107.08,303.6,4.24
200,panguna,100,PG,1597126354,98,-6.32,155.48,295.51,0.62
201,saint george,1,US,1597126148,9,37.1,-113.58,301.15,2.1
202,esso,2,RU,1597126354,41,55.93,158.7,294.21,3.13
203,cambrai,62,FR,1597126354,73,50.17,3.42,295.37,1.0
204,port lincoln,81,AU,1597126354,66,-34.73,135.87,289.42,7.03
205,bambous virieux,20,MU,1597126358,64,-20.34,57.76,296.48,1.5
206,samarai,11,PG,1597126358,87,-10.62,150.67,299.4,5.88
207,asau,0,RO,1597126358,73,46.43,26.4,294.82,1.09
208,redmond,0,US,1597126100,71,47.67,-122.12,292.59,1.67
209,camacari,40,BR,1597126358,88,-12.7,-38.32,296.15,3.1
210,cap malheureux,62,MU,1597126359,54,-19.98,57.61,296.48,1.34
211,vastseliina,1,EE,1597126359,76,57.73,27.29,287.15,2.0
212,miandrivazo,0,MG,1597126359,61,-19.52,45.47,296.83,0.89
213,grafton,1,US,1597126359,78,42.21,-71.69,295.93,4.1
214,yatou,7,CN,1597126359,81,37.15,122.38,301.55,3.27
215,altay,17,CN,1597126360,28,47.87,88.12,299.88,5.62
216,caravelas,26,BR,1597126360,91,-17.71,-39.25,293.5,2.27
217,zadar,0,HR,1597126341,61,44.12,15.24,299.15,2.6
218,saint austell,91,GB,1597126360,98,50.34,-4.77,289.26,1.34
219,upington,0,ZA,1597126360,44,-28.45,21.26,278.15,0.5
220,itarema,0,BR,1597126360,79,-2.92,-39.92,298.06,7.58
221,norman wells,75,CA,1597126360,100,65.28,-126.83,288.15,2.6
222,tottori,75,JP,1597126361,74,35.5,134.23,304.15,5.1
223,belmonte,90,BR,1597126361,88,-15.86,-38.88,294.15,6.2
224,dargaville,71,NZ,1597126361,92,-35.93,173.88,286.45,2.55
225,kohila,20,EE,1597126361,67,59.17,24.76,290.15,5.7
226,dingle,66,PH,1597126361,63,11.0,122.67,305.06,3.12
227,port hedland,0,AU,1597126358,36,-20.32,118.57,299.15,7.7
228,torbay,75,CA,1597126361,100,47.67,-52.73,291.48,8.2
229,namibe,34,AO,1597126362,90,-15.2,12.15,289.39,1.59
230,forio,0,IT,1597126362,83,40.73,13.86,299.82,1.79
231,port macquarie,34,AU,1597126362,65,-31.43,152.92,292.04,2.81
232,roma,1,US,1597126211,88,43.21,-75.46,294.15,2.1
233,amapa,61,BR,1597126362,98,1.0,-52.0,294.53,0.78
234,sinnamary,8,GF,1597126362,87,5.38,-52.95,298.51,3.44
235,saint simons,1,US,1597126363,94,31.14,-81.39,298.15,2.6
236,san policarpo,66,PH,1597126363,69,12.18,125.51,302.74,3.2
237,arlit,48,NE,1597126363,62,18.74,7.39,301.04,1.35
238,avera,1,US,1597126363,86,33.19,-82.53,295.15,2.66
239,garden city,90,US,1597126363,69,42.33,-83.33,298.71,3.6
240,roald,75,NO,1597126364,93,62.58,6.13,288.15,1.5
241,jiaocheng,100,CN,1597126364,84,24.68,116.14,300.21,1.16
242,nantucket,20,US,1597126364,94,41.28,-70.1,296.15,3.6
243,bara,73,NG,1597126364,89,10.37,10.73,295.12,3.15
244,sur,99,OM,1597126364,65,22.57,59.53,303.39,3.61
245,port blair,100,IN,1597126364,74,11.67,92.75,302.98,7.4
246,tuatapere,84,NZ,1597126364,86,-46.13,167.68,281.48,4.47
247,ron phibun,40,TH,1597126365,66,8.18,99.85,306.15,3.6
248,alofi,96,NU,1597126365,78,-19.06,-169.92,296.15,4.6
249,sao filipe,3,CV,1597126365,78,14.9,-24.5,297.52,3.32
250,moroni,20,KM,1597126365,65,-11.7,43.26,298.15,1.0
251,navoi,0,UZ,1597126365,17,40.08,65.38,305.15,4.1
252,cortez,1,US,1597126365,38,37.35,-108.59,289.82,2.6
253,maldonado,8,UY,1597126106,50,-34.67,-54.92,283.71,4.02
254,isangel,40,VU,1597126365,74,-19.55,169.27,300.15,2.6
255,abaete,1,BR,1597126366,69,-19.16,-45.45,288.07,1.19
256,lazi,1,UA,1597126366,72,48.07,24.23,292.82,1.11
257,guerrero negro,0,MX,1597126366,67,27.98,-114.06,295.03,2.68
258,tambopata,84,PE,1597126366,61,-12.73,-69.18,298.22,1.28
259,luangwa,4,ZM,1597126367,35,-15.62,30.42,292.52,0.63
260,sitka,90,US,1597126367,93,57.05,-135.33,285.15,1.5
261,vardo,75,NO,1597126367,81,70.37,31.11,283.15,4.6
262,payo,55,ID,1597126367,43,-3.75,103.64,307.28,2.55
263,sao jose da coroa grande,9,BR,1597126367,86,-8.9,-35.15,295.63,4.5
264,kouango,88,CF,1597126368,95,4.99,19.96,295.81,0.24
265,dubbo,76,AU,1597126327,54,-32.25,148.62,288.15,2.1
266,taltal,45,CL,1597126368,80,-25.4,-70.48,285.05,1.92
267,kandrian,95,PG,1597126368,72,-6.22,149.55,301.92,3.03
268,clovis,20,US,1597126289,31,36.83,-119.7,305.15,5.7
269,storforshei,100,NO,1597126368,81,66.4,14.52,285.15,1.0
270,kavaratti,100,IN,1597126368,76,10.57,72.64,301.19,9.11
271,dicabisagan,100,PH,1597126369,70,17.08,122.42,304.22,5.34
272,padang,76,ID,1597126369,57,-0.95,100.35,304.56,3.15
273,hobyo,87,SO,1597126369,67,5.35,48.53,299.39,11.53
274,tailai,21,CN,1597126369,45,46.38,123.4,301.2,7.36
275,santa cruz,20,BO,1597126370,83,-17.8,-63.17,295.15,3.1
276,placido de castro,0,BR,1597126370,60,-10.34,-67.19,297.1,0.91
277,cadereyta,5,MX,1597126370,83,25.58,-99.98,299.26,4.47
278,santa josefa,90,PH,1597126370,59,7.99,126.03,306.08,2.26
279,barentu,52,ER,1597126370,65,15.11,37.59,296.64,1.56
280,akdepe,0,TM,1597126371,26,42.06,59.38,301.15,2.1
281,puerto escondido,91,MX,1597126371,73,15.85,-97.07,300.3,2.08
282,foumban,100,CM,1597126371,99,5.73,10.9,290.15,0.58
283,klyuchi,72,RU,1597126371,27,52.27,79.17,305.44,5.31
284,manturovo,100,RU,1597126371,70,58.34,44.76,288.11,2.45
285,marawi,65,PH,1597126371,79,8.0,124.29,302.59,3.58
286,muroto,40,JP,1597126372,89,33.28,134.15,303.15,3.1
287,praia da vitoria,20,PT,1597126372,77,38.73,-27.07,293.15,5.19
288,bucerias,40,MX,1597126372,88,20.75,-105.33,301.15,1.0
289,uch,75,FR,1597126372,94,45.32,-0.93,295.15,0.5
290,kurilsk,100,RU,1597126328,87,45.23,147.88,293.0,1.59
291,tabuk,100,PH,1597126372,66,17.42,121.44,304.68,2.18
292,college,75,US,1597126372,62,64.86,-147.8,289.15,2.6
293,ketchikan,90,US,1597126373,93,55.34,-131.65,285.15,0.71
294,anadyr,20,RU,1597126083,52,64.75,177.48,293.15,4.0
295,inhambane,40,MZ,1597126373,72,-23.86,35.38,293.15,1.0
296,praya,20,CV,1597126373,78,14.92,-23.51,298.15,3.6
297,liuhe,0,CN,1597126373,58,42.24,125.72,302.04,4.13
298,niquelandia,0,BR,1597126373,55,-14.47,-48.46,291.17,1.42
299,lakhdenpokhya,34,RU,1597126373,69,61.52,30.2,285.93,6.28
300,fare,6,PF,1597126374,77,-16.7,-151.02,298.88,6.87
301,xinzhi,100,CN,1597126374,34,36.5,111.7,307.68,4.44
302,erenhot,35,CN,1597126374,21,43.65,111.98,301.82,3.21
303,amarante do maranhao,28,BR,1597126374,62,-5.57,-46.74,295.55,1.11
304,sayat,0,TM,1597126374,23,38.78,63.88,304.15,4.1
305,carupano,69,VE,1597126374,85,10.67,-63.26,298.75,4.24
306,mnogovershinnyy,91,RU,1597126374,85,53.94,139.92,290.46,1.08
307,yamoussoukro,75,CI,1597126375,100,6.82,-5.28,295.15,2.1
308,lakes entrance,51,AU,1597126375,56,-37.88,147.98,288.15,1.34
309,kamaishi,75,JP,1597126375,59,39.27,141.88,306.15,3.1
310,san matias,0,BO,1597126375,39,-16.37,-58.4,295.33,2.31
311,bilma,84,NE,1597126375,51,18.69,12.92,303.12,6.4
312,olinda,40,BR,1597126375,73,-8.01,-34.86,298.15,5.7
313,marienburg,0,PL,1597126375,100,54.04,19.03,294.26,4.13
314,flinders,54,AU,1597126225,65,-34.58,150.86,290.37,1.79
315,maryanskaya,2,RU,1597126376,46,45.1,38.64,301.48,0.45
316,plainview,0,US,1597126376,89,40.78,-73.47,297.59,0.45
317,nyiregyhaza,71,HU,1597126376,77,47.96,21.72,294.15,3.6
318,hualmay,32,PE,1597126376,85,-11.1,-77.61,287.97,3.38
319,coihaique,90,CL,1597126376,60,-45.58,-72.07,278.15,1.5
320,sabaudia,0,IT,1597126376,83,41.3,13.03,300.37,0.89
321,bay roberts,0,CA,1597126377,1,47.6,-53.26,290.93,3.74
322,mao,18,ES,1597126377,83,39.89,4.27,297.15,2.1
323,santa maria,100,BR,1597126377,79,-29.68,-53.81,288.59,6.85
324,kruisfontein,2,ZA,1597126377,45,-34.0,24.73,288.15,5.68
325,baykit,0,RU,1597126377,26,61.67,96.37,304.2,1.07
326,kochubey,89,RU,1597126378,35,44.39,46.58,300.46,3.14
327,ust-ilimsk,74,RU,1597126378,31,58.0,102.66,300.61,1.9
328,ballina,90,AU,1597126378,63,-28.87,153.57,292.15,7.2
329,sierra vista,75,US,1597126290,28,31.55,-110.3,302.15,3.1
330,balkhash,31,KZ,1597126378,50,46.84,74.98,299.15,7.0
331,nishihara,40,JP,1597126378,75,26.18,127.76,305.15,7.7
332,hajnowka,94,PL,1597126378,69,52.74,23.58,293.71,0.45
333,provideniya,90,RU,1597126379,87,64.38,-173.3,284.15,6.0
334,puerto madryn,0,AR,1597126379,63,-42.77,-65.04,278.66,10.28
335,ilam,93,NP,1597126379,83,26.92,87.92,298.0,2.13
336,zhanaozen,0,KZ,1597126379,27,43.3,52.8,298.37,4.04
337,nazca,0,PE,1597126379,69,-14.83,-74.95,286.38,0.64
338,lompoc,90,US,1597126211,93,34.64,-120.46,288.15,2.1
339,piacabucu,14,BR,1597126380,82,-10.41,-36.43,294.98,3.73
340,kananga,20,CD,1597126380,64,-5.9,22.42,297.68,0.25
341,tamandare,12,BR,1597126380,86,-8.76,-35.1,295.66,4.48
342,whitecourt,0,CA,1597126380,67,54.15,-115.69,281.95,1.61
343,luderitz,0,NA,1597126380,81,-26.65,15.16,283.15,4.1
344,marsh harbour,7,BS,1597126381,71,26.54,-77.06,301.42,3.02
345,najran,40,SA,1597126381,18,17.49,44.13,305.15,2.1
346,kavieng,80,PG,1597126381,67,-2.57,150.8,302.02,1.19
347,davila,90,PH,1597126381,66,18.47,120.58,305.15,5.7
348,tucuma,64,BR,1597126381,90,-0.18,-50.05,297.9,2.65
349,pitimbu,75,BR,1597126381,100,-7.47,-34.81,295.15,3.1
350,harjavalta,23,FI,1597126381,71,61.32,22.13,287.15,3.1
351,changji,15,CN,1597126382,22,44.02,87.32,306.15,2.0
352,esperance,75,AU,1597126382,100,-33.87,121.9,286.15,10.8
353,vaureal,69,FR,1597126382,77,49.03,2.03,296.48,1.0
354,grand-santi,84,GF,1597126382,97,4.25,-54.38,295.23,0.87
355,cardston,20,CA,1597126382,40,49.2,-113.3,293.15,5.7
356,airai,21,TL,1597126382,54,-8.93,125.41,298.18,1.46
357,omboue,59,GA,1597126382,84,-1.57,9.26,295.76,2.82
358,ancud,90,CL,1597126382,100,-41.87,-73.82,278.15,1.5
359,ceres,1,US,1597126383,34,37.59,-120.96,299.15,3.1
360,vanavara,0,RU,1597126383,30,60.34,102.28,303.15,0.53
361,cervo,100,ES,1597126383,93,43.67,-7.41,290.93,0.89
362,markala,100,ML,1597126383,82,13.7,-6.07,299.09,3.61
363,prince george,40,CA,1597126383,81,53.92,-122.75,283.15,1.5
364,banda aceh,83,ID,1597126383,63,5.56,95.32,304.12,5.8
365,joshimath,98,IN,1597126383,58,30.57,79.57,296.07,1.48
366,solnechnyy,77,RU,1597126384,61,50.72,136.63,299.21,1.83
367,mildura,98,AU,1597126384,71,-34.2,142.15,287.59,6.7
368,vanimo,12,PG,1597126384,75,-2.67,141.3,301.97,2.79
369,toropets,0,RU,1597126384,83,56.5,31.64,287.09,3.4
370,kholodnyy,100,RU,1597126384,32,62.72,147.95,293.93,10.19
371,shkurinskaya,2,RU,1597126128,35,46.59,39.36,300.25,3.41
372,dekernes,40,EG,1597126385,78,31.09,31.59,299.15,3.6
373,sioux lookout,5,CA,1597126385,55,50.1,-91.92,291.15,4.1
374,gamba,0,GA,1597126385,85,-2.65,10.0,295.42,2.06
375,soyo,40,AO,1597126385,88,-6.13,12.37,295.15,2.1
376,lovozero,100,RU,1597126385,85,68.0,35.01,282.73,5.53
377,kaa-khem,8,RU,1597126385,35,51.68,94.73,298.24,1.81
378,whitehorse,75,CA,1597126386,62,60.72,-135.05,285.15,5.1
379,awjilah,0,LY,1597126386,50,29.11,21.29,299.74,5.73
380,sarkand,44,KZ,1597126386,20,45.41,79.92,303.02,2.71
381,ibanda,20,TZ,1597126386,88,-2.8,32.47,294.15,2.6
382,talara,0,PE,1597126386,80,-4.58,-81.27,290.22,5.39
383,buala,100,SB,1597126386,82,-8.14,159.59,298.86,1.46
384,longyearbyen,75,SJ,1597126387,81,78.22,15.64,282.15,2.1
385,mabaruma,62,GY,1597126387,98,8.2,-59.78,295.65,1.09
386,ouango,91,CF,1597126387,91,4.31,22.56,295.81,0.59
387,odweyne,61,SO,1597126387,49,9.41,45.06,298.51,9.27
388,zheleznodorozhnyy,75,RU,1597126387,88,55.75,38.0,292.04,2.0
389,rawson,0,AR,1597126387,65,-43.3,-65.1,278.42,9.47
390,margate,86,GB,1597126387,94,51.38,1.39,295.37,0.89
391,santa rosa,100,PH,1597126388,59,14.31,121.11,306.15,3.1
392,komsomolskiy,39,UZ,1597126388,18,40.43,71.72,306.15,1.0
393,viedma,0,AR,1597126115,62,-40.81,-63.0,278.9,7.16
394,geraldton,90,AU,1597126388,59,-28.77,114.6,291.15,6.7
395,porteirinha,7,BR,1597126388,90,-15.74,-43.03,289.29,3.03
396,sept-iles,20,CA,1597126388,93,50.2,-66.38,289.26,3.1
397,charters towers,0,AU,1597126389,27,-20.1,146.27,298.87,1.99
398,trairi,4,BR,1597126389,76,-3.28,-39.27,297.82,5.57
399,bulgan,28,MN,1597126389,60,48.81,103.53,293.3,4.31
400,saldanha,83,ZA,1597126389,93,-33.01,17.94,286.15,4.6
401,sosnovka,0,RU,1597126389,53,56.26,51.28,290.48,3.6
402,bam,18,IR,1597126389,12,29.11,58.36,308.84,4.15
403,teahupoo,75,PF,1597126389,69,-17.83,-149.27,299.15,3.6
404,two hills,0,CA,1597126389,76,53.72,-111.75,283.13,2.89
405,necochea,46,AR,1597126389,50,-38.55,-58.74,275.37,7.15
406,nikolskoye,75,RU,1597126390,67,59.7,30.79,287.15,7.0
407,djenne,100,ML,1597126390,78,13.91,-4.55,298.68,4.04
408,san ramon,1,US,1597126133,77,37.78,-121.98,290.93,5.1
409,grindavik,90,IS,1597126390,100,63.84,-22.43,284.15,8.2
410,narsaq,15,GL,1597126390,55,60.92,-46.05,277.15,2.6
411,george,47,ZA,1597126390,62,-33.96,22.46,284.15,2.6
412,worland,1,US,1597126236,37,44.02,-107.96,295.37,1.5
413,westport,1,US,1597126329,88,41.14,-73.36,298.15,3.6
414,iquitos,10,PE,1597126287,85,-3.75,-73.25,295.7,0.16
415,pisco,20,PE,1597126391,93,-13.7,-76.22,285.93,1.0
416,mamakan,0,RU,1597126391,38,57.82,114.0,299.47,1.03
417,tazovskiy,0,RU,1597126391,66,67.47,78.7,291.65,7.05
418,camopi,41,GF,1597126391,97,3.17,-52.32,294.86,0.53
419,poya,83,NC,1597126392,72,-21.35,165.15,294.8,3.14
420,rio grande,98,BR,1597126392,89,-32.03,-52.1,284.26,1.34
421,port augusta,75,AU,1597126392,63,-32.5,137.77,289.15,10.3
422,saint-georges,20,GD,1597126392,83,12.06,-61.75,301.15,4.6
423,aguie,85,NE,1597126392,75,13.51,7.78,297.32,5.48
424,mrakovo,100,RU,1597126392,87,52.72,56.62,286.44,6.49
425,pevek,100,RU,1597126393,94,69.7,170.31,275.23,3.21
426,reshetylivka,49,UA,1597126393,60,49.56,34.08,295.87,2.68
427,cayenne,75,GF,1597126393,100,4.93,-52.33,296.15,1.0
428,hambantota,75,LK,1597126393,100,6.12,81.12,300.15,3.6
429,salalah,90,OM,1597126393,88,17.02,54.09,299.15,3.1
430,birnin kebbi,100,NG,1597126393,86,12.45,4.2,296.47,5.1
431,avondale,1,US,1597126359,14,33.44,-112.35,310.37,2.1
432,didsbury,77,GB,1597126393,88,53.42,-2.23,292.04,3.1
433,lorena,0,BR,1597126394,79,-22.73,-45.12,284.82,1.39
434,vostok,100,RU,1597126394,89,46.49,135.88,295.93,1.43
435,adrar,5,MR,1597126394,31,20.5,-10.07,305.73,4.69
436,bagdarin,82,RU,1597126327,66,54.43,113.6,293.93,1.82
437,ribeira grande,45,PT,1597126394,70,38.52,-28.7,294.2,5.71
438,mago,100,RU,1597126394,70,53.25,140.18,296.63,0.92
439,rathenow,0,DE,1597126394,70,52.61,12.34,295.37,0.45
440,seka,82,TH,1597126395,59,17.93,103.96,308.15,2.89
441,iracoubo,2,GF,1597126395,87,5.48,-53.2,298.48,3.5
442,bonoua,20,CI,1597126395,100,5.27,-3.6,296.15,1.0
443,arman,99,RU,1597126395,64,59.7,150.17,289.6,2.6
444,san jeronimito,98,MX,1597126395,84,17.55,-101.33,299.59,2.14
445,pati,11,ID,1597126395,44,-6.76,111.04,307.75,4.31
446,liverpool,68,GB,1597126117,93,53.41,-2.98,291.15,1.5
447,aguimes,75,ES,1597126395,69,27.91,-15.45,296.15,10.3
448,kirakira,100,SB,1597126396,79,-10.45,161.92,300.97,5.03
449,lake jackson,1,US,1597126348,83,29.03,-95.43,302.59,2.1
450,kuito,0,AO,1597126396,38,-12.38,16.93,287.07,0.83
451,hasaki,20,JP,1597126396,56,35.73,140.83,309.26,6.7
452,pimentel,4,PE,1597126396,92,-6.84,-79.93,288.16,3.72
453,faanui,8,PF,1597126396,74,-16.48,-151.75,298.47,5.95
454,ouargaye,100,BF,1597126396,90,11.5,0.06,296.04,4.9
455,nalut,0,LY,1597126396,65,30.33,10.85,296.2,9.95
456,berlevag,75,NO,1597126397,93,70.86,29.09,282.15,6.7
457,kalmunai,47,LK,1597126397,54,7.42,81.82,305.34,1.05
458,piterka,0,RU,1597126397,45,50.68,47.45,292.91,4.16
459,kapit,17,MY,1597126397,41,2.02,112.93,308.94,1.08
460,maryville,75,US,1597126397,88,35.76,-83.97,297.15,2.6
461,karwar,100,IN,1597126397,84,14.8,74.13,299.38,3.34
462,kungurtug,100,RU,1597126397,45,50.6,97.52,295.05,0.84
463,khymchyn,2,UA,1597126398,82,48.39,25.15,292.15,1.35
464,te anau,44,NZ,1597126398,78,-45.42,167.72,278.64,1.72
465,gat,10,IL,1597126200,51,31.61,34.76,300.37,0.89
466,riyadh,1,SA,1597126398,12,24.69,46.72,307.15,6.2
467,puerto cabello,89,VE,1597126398,78,10.47,-68.01,299.93,3.05
468,urbino,0,IT,1597126398,66,43.73,12.64,297.59,1.58
469,waingapu,5,ID,1597126398,62,-9.66,120.26,302.83,5.02
470,atasu,48,KZ,1597126398,42,48.68,71.64,293.14,8.77
471,naze,75,JP,1597126399,79,28.37,129.48,304.15,6.2
472,yerbogachen,4,RU,1597126399,39,61.28,108.01,299.31,2.81
473,hofn,98,IS,1597126399,94,64.25,-15.21,284.57,4.14
474,trelew,0,AR,1597126399,66,-43.25,-65.31,277.67,7.98
475,sambava,0,MG,1597126399,66,-14.27,50.17,295.26,4.43
476,san patricio,86,MX,1597126399,87,19.22,-104.7,299.09,1.42
477,lavrentiya,37,RU,1597126399,78,65.58,-171.0,283.82,3.1
478,springfield,1,US,1597126399,73,37.22,-93.3,296.48,1.5
479,waddan,52,LY,1597126400,53,29.16,16.14,299.29,5.98
480,xiaolingwei,64,CN,1597126161,66,32.03,118.85,306.15,3.0
481,vestmanna,90,FO,1597126400,100,62.16,-7.17,285.15,3.1
482,karratha,1,AU,1597126241,39,-20.74,116.85,297.16,5.49
483,savonlinna,20,FI,1597126400,67,61.87,28.88,287.15,7.2
484,yeppoon,0,AU,1597126400,33,-23.13,150.73,296.15,2.1
485,puerto narino,45,CO,1597126400,100,-3.77,-70.38,295.15,0.78
486,lorengau,5,PG,1597126400,66,-2.02,147.27,302.86,3.48
487,manado,40,ID,1597126401,62,1.49,124.85,303.15,2.1
488,charlestown,18,AU,1597126401,73,-32.95,151.67,290.93,0.45
489,kununurra,0,AU,1597126401,19,-15.77,128.73,307.15,3.6
490,hay river,90,CA,1597126401,100,60.82,-115.8,288.15,2.6
491,douglas,1,US,1597126203,82,41.3,-96.17,292.59,2.1
492,marmora,18,IT,1597126401,82,44.46,7.09,295.37,1.0
493,labuan,20,MY,1597126401,55,5.28,115.24,306.15,1.5
494,port-gentil,90,GA,1597126401,83,-0.72,8.78,298.15,5.99
495,ust-koksa,78,RU,1597126402,49,50.27,85.61,295.39,2.14
496,wasilla,90,US,1597126402,87,61.58,-149.44,286.48,2.1
497,pampa,1,US,1597126402,68,35.54,-100.96,294.15,4.6
498,qandala,77,SO,1597126402,47,11.47,49.87,306.14,1.84
499,wlodawa,53,PL,1597126402,75,51.55,23.55,293.15,1.89
500,ellisras,0,ZA,1597126402,71,-23.66,27.74,285.62,2.83
501,salta,52,AR,1597126107,55,-24.79,-65.41,289.15,2.6
502,sijunjung,94,ID,1597126403,42,-0.69,100.95,307.35,0.95
503,koutiala,100,ML,1597126403,91,12.39,-5.46,296.68,4.23
504,peniche,99,PT,1597126403,92,39.36,-9.38,292.59,3.2
505,richards bay,0,ZA,1597126403,58,-28.78,32.04,290.11,5.35
506,saint marys,1,US,1597126403,76,30.73,-81.55,297.15,2.1
507,merauke,90,ID,1597126403,78,-8.47,140.33,300.42,4.28
508,labuhan,36,ID,1597126403,60,-6.88,112.21,304.51,4.53
509,diamantino,0,BR,1597126403,44,-14.41,-56.45,294.2,2.36
510,krasnyy oktyabr,66,RU,1597126404,79,56.12,38.88,289.66,3.6
511,clarksburg,1,US,1597126404,83,39.28,-80.34,294.15,1.47
512,la primavera,97,CO,1597126404,91,5.49,-70.41,295.73,1.04
513,santa isabel,0,BR,1597126404,81,-23.32,-46.22,285.15,1.0
514,areka,100,ET,1597126404,85,7.07,37.7,290.07,1.06
515,fairlie,85,GB,1597126404,93,55.76,-4.86,287.59,0.45
516,los llanos de aridane,11,ES,1597126404,73,28.66,-17.92,296.15,6.2
517,hami,0,CN,1597126405,33,42.8,93.45,301.32,1.23
518,thunder bay,5,CA,1597126405,87,48.4,-89.32,288.71,2.6
519,nabire,98,ID,1597126370,60,-3.37,135.48,303.62,1.84
520,lindi,1,TZ,1597126405,64,-10.0,39.72,298.41,2.16
521,urengoy,16,RU,1597126405,46,65.97,78.37,298.9,4.6
522,requena,100,ES,1597126405,68,39.49,-1.1,292.04,2.18
523,pleasanton,1,US,1597126146,77,37.66,-121.87,291.48,5.1
524,balabac,94,PH,1597126406,66,7.99,117.06,303.79,3.65
525,hailar,100,CN,1597126406,89,49.2,119.7,288.26,5.09
526,enid,90,US,1597126124,100,36.4,-97.88,293.15,6.7
527,kawalu,98,ID,1597126406,73,-7.38,108.21,299.32,1.67
528,clyde river,90,CA,1597126406,100,70.47,-68.59,277.15,3.1
529,jamame,96,SO,1597126406,64,0.07,42.75,299.19,6.68
530,suntar,99,RU,1597126406,70,62.14,117.63,292.13,0.67
531,kidal,20,ML,1597126407,68,18.44,1.41,300.4,5.73
532,conde,75,BR,1597126407,100,-7.26,-34.91,295.15,3.1
533,seoul,90,KR,1597126268,74,37.57,126.98,302.15,4.48
534,mitu,25,CO,1597126400,97,1.2,-70.17,294.58,0.54
535,coahuayana,92,MX,1597126407,83,18.73,-103.68,299.63,0.98
536,kitimat,75,CA,1597126407,71,54.05,-128.65,285.15,2.6
537,leh,1,IN,1597126407,27,34.17,77.58,293.4,3.34
538,olafsvik,100,IS,1597126407,96,64.89,-23.71,283.94,6.25
539,jalu,0,LY,1597126408,50,29.03,21.55,299.86,5.58
540,gravelbourg,41,CA,1597126408,52,49.88,-106.55,290.88,2.6
541,flin flon,75,CA,1597126408,83,54.77,-101.86,286.29,4.18
542,howard springs,20,AU,1597126408,58,-12.5,131.05,304.82,4.6
543,pangnirtung,83,CA,1597126408,66,66.15,-65.71,280.05,0.82
544,teguise,75,ES,1597126408,69,29.06,-13.56,296.15,5.1
545,petawawa,1,CA,1597126409,94,45.9,-77.33,295.15,1.62
546,iqaluit,75,CA,1597126409,86,63.75,-68.51,278.71,2.1
547,puerto lempira,99,HN,1597126409,87,15.27,-83.77,299.35,3.78
548,north platte,1,US,1597126409,88,41.12,-100.77,292.59,3.56
549,onega,94,RU,1597126409,75,63.91,38.14,285.72,4.62
550,teknaf,100,BD,1597126409,89,20.86,92.31,299.93,4.65
551,road town,2,VG,1597126409,86,18.42,-64.62,300.37,0.89
552,pacific grove,90,US,1597126360,77,36.62,-121.92,290.15,0.55
553,yetkul,90,RU,1597126410,100,54.82,61.59,287.15,8.0
554,tshane,0,BW,1597126410,34,-24.02,21.87,285.14,4.13
555,keningau,20,MY,1597126410,67,5.34,116.16,307.15,2.6
556,tura,100,IN,1597126410,93,25.52,90.22,299.11,1.93
557,acapulco,100,MX,1597126394,84,16.86,-99.89,300.19,2.71
558,penzance,91,GB,1597126410,100,50.12,-5.54,289.26,4.1
559,mormugao,100,IN,1597126410,83,15.4,73.8,299.9,4.84
560,cabedelo,75,BR,1597126411,100,-6.98,-34.83,295.15,3.1
561,atar,54,MR,1597126411,48,20.52,-13.05,303.84,3.14
